{
  "name": "Azir",
  "health": 575,
  "healthPerLevel": 119,
  "healthRegen": 7,
  "healthRegenPerLevel": 0.75,
  "armor": 25,
  "armorPerLevel": 5,
  "magicResistance": 30,
  "magicResistancePerLevel": 1.3,
  "attackDamage": 56,
  "attackDamagePerLevel": 3.5,
  "attackSpeed": 0.625,
  "attackSpeedPerLevel": 5,
  "attackRange": 525,
  "roles": [
    "MAGE",
    "MARKSMAN",
    "SPECIALIST"
  ],
  "P": [
    {
      "name": "Shurima's Legacy",
      "effects": [],
      "affects": "Turret ruins"
    }
  ],
  "Q": [
    {
      "name": "Conquering Sands",
      "effects": [
        [
          {
            "attribute": "Magic Damage",
            "modifiers": [
              {
                "values": [
                  60,
                  80,
                  100,
                  120,
                  140
                ],
                "units": [
                  "",
                  "",
                  "",
                  "",
                  ""
                ]
              },
              {
                "values": [
                  35,
                  35,
                  35,
                  35,
                  35
                ],
                "units": [
                  "% AP",
                  "% AP",
                  "% AP",
                  "% AP",
                  "% AP"
                ]
              }
            ]
          }
        ]
      ],
      "affects": "Enemies"
    }
  ],
  "W": [
    {
      "name": "Arise!",
      "effects": [
        [
          {
            "attribute": "Magic Damage",
            "modifiers": [
              {
                "values": [
                  0.0,
                  2.6470588235294117,
                  5.294117647058823,
                  7.9411764705882355,
                  10.588235294117647,
                  13.235294117647058,
                  15.882352941176471,
                  18.52941176470588,
                  21.176470588235293,
                  23.823529411764707,
                  26.470588235294116,
                  29.11764705882353,
                  31.764705882352942,
                  34.411764705882355,
                  37.05882352941176,
                  39.705882352941174,
                  42.35294117647059,
                  45.0
                ],
                "units": [
                  "",
                  "",
                  "",
                  "",
                  "",
                  "",
                  "",
                  "",
                  "",
                  "",
                  "",
                  "",
                  "",
                  "",
                  "",
                  "",
                  "",
                  ""
                ]
              },
              {
                "values": [
                  50,
                  65,
                  80,
                  95,
                  110
                ],
                "units": [
                  "",
                  "",
                  "",
                  "",
                  ""
                ]
              },
              {
                "values": [
                  32.5,
                  40,
                  47.5,
                  55,
                  62.5
                ],
                "units": [
                  "% AP",
                  "% AP",
                  "% AP",
                  "% AP",
                  "% AP"
                ]
              }
            ]
          }
        ]
      ],
      "affects": "Enemies"
    }
  ],
  "E": [
    {
      "name": "Shifting Sands",
      "effects": [
        [
          {
            "attribute": "Shield Strength",
            "modifiers": [
              {
                "values": [
                  70,
                  110,
                  150,
                  190,
                  230
                ],
                "units": [
                  "",
                  "",
                  "",
                  "",
                  ""
                ]
              },
              {
                "values": [
                  60,
                  60,
                  60,
                  60,
                  60
                ],
                "units": [
                  "% AP",
                  "% AP",
                  "% AP",
                  "% AP",
                  "% AP"
                ]
              }
            ]
          },
          {
            "attribute": "Magic Damage",
            "modifiers": [
              {
                "values": [
                  70,
                  110,
                  150,
                  190,
                  230
                ],
                "units": [
                  "",
                  "",
                  "",
                  "",
                  ""
                ]
              },
              {
                "values": [
                  60,
                  60,
                  60,
                  60,
                  60
                ],
                "units": [
                  "% AP",
                  "% AP",
                  "% AP",
                  "% AP",
                  "% AP"
                ]
              }
            ]
          }
        ]
      ],
      "affects": "Self, Enemies"
    }
  ],
  "R": [
    {
      "name": "Emperor's Divide",
      "effects": [
        [
          {
            "attribute": "Width",
            "modifiers": [
              {
                "values": [
                  6,
                  7,
                  8
                ],
                "units": [
                  " soldiers",
                  " soldiers",
                  " soldiers"
                ]
              }
            ]
          },
          {
            "attribute": "Width (charge)",
            "modifiers": [
              {
                "values": [
                  620,
                  720,
                  820
                ],
                "units": [
                  "",
                  "",
                  ""
                ]
              }
            ]
          },
          {
            "attribute": "Width (impassable wall)",
            "modifiers": [
              {
                "values": [
                  750,
                  850,
                  950
                ],
                "units": [
                  "",
                  "",
                  ""
                ]
              }
            ]
          }
        ],
        [
          {
            "attribute": "Magic Damage",
            "modifiers": [
              {
                "values": [
                  200,
                  400,
                  600
                ],
                "units": [
                  "",
                  "",
                  ""
                ]
              },
              {
                "values": [
                  75,
                  75,
                  75
                ],
                "units": [
                  "% AP",
                  "% AP",
                  "% AP"
                ]
              }
            ]
          }
        ]
      ],
      "affects": "Enemies"
    }
  ]
}