{
  "name": "Mordekaiser",
  "health": 645,
  "healthPerLevel": 104,
  "healthRegen": 5,
  "healthRegenPerLevel": 0.75,
  "armor": 37,
  "armorPerLevel": 4.2,
  "magicResistance": 32,
  "magicResistancePerLevel": 2.05,
  "attackDamage": 61,
  "attackDamagePerLevel": 4,
  "attackSpeed": 0.625,
  "attackSpeedPerLevel": 1,
  "attackRange": 175,
  "roles": [
    "FIGHTER",
    "JUGGERNAUT",
    "MAGE"
  ],
  "P": [
    {
      "name": "Darkness Rise",
      "effects": [],
      "affects": "Self / Enemies"
    }
  ],
  "Q": [
    {
      "name": "Obliterate",
      "effects": [
        [
          {
            "attribute": "Magic Damage",
            "modifiers": [
              {
                "values": [
                  0.0,
                  2.6470588235294117,
                  5.294117647058823,
                  7.9411764705882355,
                  10.588235294117647,
                  13.235294117647058,
                  15.882352941176471,
                  18.52941176470588,
                  21.176470588235293,
                  23.823529411764707,
                  26.470588235294116,
                  29.11764705882353,
                  31.764705882352942,
                  34.411764705882355,
                  37.05882352941176,
                  39.705882352941174,
                  42.35294117647059,
                  45.0
                ],
                "units": [
                  "",
                  "",
                  "",
                  "",
                  "",
                  "",
                  "",
                  "",
                  "",
                  "",
                  "",
                  "",
                  "",
                  "",
                  "",
                  "",
                  "",
                  ""
                ]
              },
              {
                "values": [
                  80,
                  115,
                  150,
                  185,
                  220
                ],
                "units": [
                  "",
                  "",
                  "",
                  "",
                  ""
                ]
              },
              {
                "values": [
                  120,
                  120,
                  120,
                  120,
                  120
                ],
                "units": [
                  "% bonus AD",
                  "% bonus AD",
                  "% bonus AD",
                  "% bonus AD",
                  "% bonus AD"
                ]
              },
              {
                "values": [
                  70,
                  70,
                  70,
                  70,
                  70
                ],
                "units": [
                  "% AP",
                  "% AP",
                  "% AP",
                  "% AP",
                  "% AP"
                ]
              }
            ]
          },
          {
            "attribute": "Damage Increase",
            "modifiers": [
              {
                "values": [
                  30,
                  35,
                  40,
                  45,
                  50
                ],
                "units": [
                  "%",
                  "%",
                  "%",
                  "%",
                  "%"
                ]
              }
            ]
          }
        ]
      ],
      "affects": "Enemies"
    }
  ],
  "W": [
    {
      "name": "Indestructible",
      "effects": [
        [
          {
            "attribute": "Shield to Healing",
            "modifiers": [
              {
                "values": [
                  35,
                  37.5,
                  40,
                  42.5,
                  45
                ],
                "units": [
                  "%",
                  "%",
                  "%",
                  "%",
                  "%"
                ]
              }
            ]
          }
        ]
      ],
      "affects": "Self"
    }
  ],
  "E": [
    {
      "name": "Death's Grasp",
      "effects": [
        [
          {
            "attribute": "Magic Penetration",
            "modifiers": [
              {
                "values": [
                  5,
                  7.5,
                  10,
                  12.5,
                  15
                ],
                "units": [
                  "%",
                  "%",
                  "%",
                  "%",
                  "%"
                ]
              }
            ]
          }
        ],
        [
          {
            "attribute": "Magic Damage",
            "modifiers": [
              {
                "values": [
                  60,
                  75,
                  90,
                  105,
                  120
                ],
                "units": [
                  "",
                  "",
                  "",
                  "",
                  ""
                ]
              },
              {
                "values": [
                  40,
                  40,
                  40,
                  40,
                  40
                ],
                "units": [
                  "% AP",
                  "% AP",
                  "% AP",
                  "% AP",
                  "% AP"
                ]
              }
            ]
          }
        ]
      ],
      "affects": "Self, Enemies"
    }
  ],
  "R": [
    {
      "name": "Realm of Death",
      "effects": [],
      "affects": "Enemies"
    }
  ]
}