{
  "name": "Shen",
  "health": 610,
  "healthPerLevel": 99,
  "healthRegen": 8.5,
  "healthRegenPerLevel": 0.75,
  "armor": 34,
  "armorPerLevel": 4.2,
  "magicResistance": 32,
  "magicResistancePerLevel": 2.05,
  "attackDamage": 64,
  "attackDamagePerLevel": 3,
  "attackSpeed": 0.751,
  "attackSpeedPerLevel": 3,
  "attackRange": 125,
  "roles": [
    "TANK",
    "WARDEN"
  ],
  "P": [
    {
      "name": "Ki Barrier",
      "effects": [],
      "affects": "Self"
    }
  ],
  "Q": [
    {
      "name": "Twilight Assault",
      "effects": [
        [
          {
            "attribute": "Slow",
            "modifiers": [
              {
                "values": [
                  25,
                  30,
                  35,
                  40,
                  45
                ],
                "units": [
                  "%",
                  "%",
                  "%",
                  "%",
                  "%"
                ]
              }
            ]
          }
        ],
        [
          {
            "attribute": "Bonus Magic Damage",
            "modifiers": [
              {
                "values": [
                  10.0,
                  11.764705882352942,
                  13.529411764705882,
                  15.294117647058822,
                  17.058823529411764,
                  18.823529411764707,
                  20.588235294117645,
                  22.352941176470587,
                  24.11764705882353,
                  25.88235294117647,
                  27.647058823529413,
                  29.41176470588235,
                  31.176470588235293,
                  32.94117647058823,
                  34.705882352941174,
                  36.470588235294116,
                  38.23529411764706,
                  40.0
                ],
                "units": [
                  "",
                  "",
                  "",
                  "",
                  "",
                  "",
                  "",
                  "",
                  "",
                  "",
                  "",
                  "",
                  "",
                  "",
                  "",
                  "",
                  "",
                  ""
                ]
              },
              {
                "values": [
                  2,
                  2.5,
                  3,
                  3.5,
                  4
                ],
                "units": [
                  "% (+ 1.5% per 100 AP) of target's maximum health",
                  "% (+ 1.5% per 100 AP) of target's maximum health",
                  "% (+ 1.5% per 100 AP) of target's maximum health",
                  "% (+ 1.5% per 100 AP) of target's maximum health",
                  "% (+ 1.5% per 100 AP) of target's maximum health"
                ]
              }
            ]
          },
          {
            "attribute": "Total Magic Damage",
            "modifiers": [
              {
                "values": [
                  30.0,
                  35.294117647058826,
                  40.588235294117645,
                  45.88235294117647,
                  51.17647058823529,
                  56.470588235294116,
                  61.76470588235294,
                  67.05882352941177,
                  72.35294117647058,
                  77.64705882352942,
                  82.94117647058823,
                  88.23529411764706,
                  93.52941176470588,
                  98.82352941176471,
                  104.11764705882352,
                  109.41176470588235,
                  114.70588235294117,
                  120.0
                ],
                "units": [
                  "",
                  "",
                  "",
                  "",
                  "",
                  "",
                  "",
                  "",
                  "",
                  "",
                  "",
                  "",
                  "",
                  "",
                  "",
                  "",
                  "",
                  ""
                ]
              },
              {
                "values": [
                  6,
                  7.5,
                  9,
                  10.5,
                  12
                ],
                "units": [
                  "% (+ 4.5% per 100 AP) of target's maximum health",
                  "% (+ 4.5% per 100 AP) of target's maximum health",
                  "% (+ 4.5% per 100 AP) of target's maximum health",
                  "% (+ 4.5% per 100 AP) of target's maximum health",
                  "% (+ 4.5% per 100 AP) of target's maximum health"
                ]
              }
            ]
          }
        ],
        [
          {
            "attribute": "Increased Bonus Damage",
            "modifiers": [
              {
                "values": [
                  10.0,
                  11.764705882352942,
                  13.529411764705882,
                  15.294117647058822,
                  17.058823529411764,
                  18.823529411764707,
                  20.588235294117645,
                  22.352941176470587,
                  24.11764705882353,
                  25.88235294117647,
                  27.647058823529413,
                  29.41176470588235,
                  31.176470588235293,
                  32.94117647058823,
                  34.705882352941174,
                  36.470588235294116,
                  38.23529411764706,
                  40.0
                ],
                "units": [
                  "",
                  "",
                  "",
                  "",
                  "",
                  "",
                  "",
                  "",
                  "",
                  "",
                  "",
                  "",
                  "",
                  "",
                  "",
                  "",
                  "",
                  ""
                ]
              },
              {
                "values": [
                  5,
                  5.5,
                  6,
                  6.5,
                  7
                ],
                "units": [
                  "% (+ 2% per 100 AP) of target's maximum health",
                  "% (+ 2% per 100 AP) of target's maximum health",
                  "% (+ 2% per 100 AP) of target's maximum health",
                  "% (+ 2% per 100 AP) of target's maximum health",
                  "% (+ 2% per 100 AP) of target's maximum health"
                ]
              }
            ]
          },
          {
            "attribute": "Total Increased Damage",
            "modifiers": [
              {
                "values": [
                  30.0,
                  35.294117647058826,
                  40.588235294117645,
                  45.88235294117647,
                  51.17647058823529,
                  56.470588235294116,
                  61.76470588235294,
                  67.05882352941177,
                  72.35294117647058,
                  77.64705882352942,
                  82.94117647058823,
                  88.23529411764706,
                  93.52941176470588,
                  98.82352941176471,
                  104.11764705882352,
                  109.41176470588235,
                  114.70588235294117,
                  120.0
                ],