{
  "Characters/Quinn/CharacterRecords/Root": {
    "mCharacterName": "Quinn",
    "baseHP": 565.0,
    "hpPerLevel": 107.0,
    "baseStaticHPRegen": 1.1,
    "hpRegenPerLevel": 0.11,
    "primaryAbilityResource": {
      "arType": 0,
      "arBase": 269.0,
      "arPerLevel": 35.0,
      "arBaseStaticRegen": 1.399999976158142,
      "arRegenPerLevel": 0.07999999821186066,
      "__type": "AbilityResourceSlotInfo"
    },
    "baseDamage": 59.0,
    "damagePerLevel": 2.7,
    "baseArmor": 28.0,
    "armorPerLevel": 4.7,
    "baseSpellBlock": 30.0,
    "spellBlockPerLevel": 1.3,
    "baseMoveSpeed": 330.0,
    "attackRange": 525.0,
    "attackSpeed": 0.668,
    "attackSpeedRatio": 0.668,
    "attackSpeedPerLevel": 3.1,
    "searchTags": "marksman",
    "searchTagsSecondary": "assassin",
    "roles": "ATTACKER"
  },
  "Characters/Quinn/Spells/QuinnWAbility/QuinnW": {
    "DataValues": [
      {
        "mName": "AttackSpeedBonus",
        "mValues": [
          0.15000000596046448,
          0.2800000011920929,
          0.4099999964237213,
          0.5400000214576721,
          0.6700000166893005,
          0.800000011920929,
          0.9300000071525574
        ],
        "__type": "SpellDataValue"
      },
      {
        "mName": "CherryBonusHaste",
        "mValues": [
          100.0,
          100.0,
          100.0,
          100.0,
          100.0,
          100.0,
          100.0
        ],
        "__type": "SpellDataValue"
      }
    ],
    "mCoefficient": 0.8999999761581421,
    "cooldownTime": [
      55.0,
      50.0,
      45.0,
      40.0,
      35.0,
      30.0,
      30.0
    ],
    "castRange": [
      2500.0,
      2500.0,
      2500.0,
      2500.0,
      2500.0,
      2500.0,
      2500.0
    ],
    "castRangeDisplayOverride": [
      2100.0,
      2100.0,
      2100.0,
      2100.0,
      2100.0,
      2100.0,
      2100.0
    ],
    "mTargetingTypeData": {
      "__type": "SelfAoe"
    }
  },
  "Characters/Quinn/Spells/QuinnRAbility/QuinnR": {
    "mSpellTags": [
      "Trait_Ultimate",
      "Trait_Transformation"
    ],
    "DataValues": [
      {
        "mName": "MovementSpeedMod",
        "mValues": [
          0.4000000059604645,
          0.699999988079071,
          1.0,
          1.2999999523162842,
          1.600000023841858,
          1.899999976158142,
          2.200000047683716
        ],
        "__type": "SpellDataValue"
      },
      {
        "mName": "SlowDuration",
        "mValues": [
          3.0,
          3.0,
          3.0,
          3.0,
          3.0,
          3.0,
          3.0
        ],
        "__type": "SpellDataValue"
      },
      {
        "mName": "HarrierCooldown",
        "mValues": [
          8.0,
          8.0,
          8.0,
          8.0,
          8.0,
          8.0,
          8.0
        ],
        "__type": "SpellDataValue"
      },
      {
        "mName": "RHarrierMarkDuration",
        "mValues": [
          4.5,
          4.5,
          4.5,
          4.5,
          4.5,
          4.5,
          4.5
        ],
        "__type": "SpellDataValue"
      },
      {
        "mName": "ADRatio",
        "mValues": [
          0.3499999940395355,
          0.3499999940395355,
          0.3499999940395355,
          0.3499999940395355,
          0.3499999940395355,
          0.3499999940395355,
          0.3499999940395355
        ],
        "__type": "SpellDataValue"
      },
      {
        "mName": "BaseDamage",
        "mValues": [
          30.0,
          60.0,
          90.0,
          120.0,
          150.0,
          180.0,
          210.0
        ],
        "__type": "SpellDataValue"
      }
    ],
    "mSpellCalculations": {
      "Damage": {
        "mFormulaParts": [
          {
            "mDataValue": "BaseDamage",
            "__type": "NamedDataValueCalculationPart"
          },
          {
            "mStat": 2,
            "mStatFormula": 2,
            "mDataValue": "ADRatio",
            "__type": "StatByNamedDataValueCalculationPart"
          }
        ],
        "__type": "GameCalculation"
      }
    },
    "mCoefficient": 1.0,
    "cooldownTime": [
      3.0,
      3.0,
      3.0,
      3.0,
      3.0,
      3.0,
      3.0
    ],
    "castRange": [
      650.0,
      650.0,
      650.0,
      650.0,
      650.0,
      650.0,
      650.0
    ],
    "castRangeDisplayOverride": [
      700.0,
      700.0,
      700.0,
      700.0,
      700.0,
      700.0,
      700.0
    ],
    "mTargetingTypeData": {
      "__type": "Self"
    }
  },
  "Characters/Quinn/Spells/QuinnPassiveAbility/QuinnPassive": {
    "DataValues": [
      {
        "mName": "RevealDuration",
        "mValues": [
          4.0,
          4.0,
          4.0,
          4.0,
          4.0,
          4.0,
          4.0
        ],
        "__type": "SpellDataValue"
      },
      {
        "mName": "ModesPassiveDamageMultiplier",
        "mValues": [
          1.0,
          1.0,
          1.0,
          1.0,
          1.0,
          1.0,
          1.0
        ],
        "__type": "SpellDataValue"
      }
    ],
    "mSpellCalculations": {
      "BonusDamage": {
        "mMultiplier": {
          "mDataValue": "ModesPassiveDamageMultiplier",
          "__type": "NamedDataValueCalculationPart"
        },
        "mFormulaParts": [
          {
            "mValues": [
              5.0,
              10.0,
              15.0,
              20.0,
              25.0,
              30.0,
              35.0,
              40.0,
              45.0,
              50.0,
              55.0,
              60.0,
              65.0,
              70.0,
              75.0,
              80.0,
              85.0,
              90.0,
              95.0,
              100.0,
              105.0,
              110.0,
              115.0,
              120.0,
              125.0,
              130.0,
              135.0,
              140.0,
              145.0,
              150.0,
              155.0
            ],
            "__type": "ByCharLevelFormulaCalculationPart"
          },
          {
            "mStat": 2,
            "mSubpart": {
              "mValues": [
                0.14000000059604645,
                0.1599999964237213,
                0.18000000715255737,
                0.20000000298023224,
                0.2199999988079071,
                0.23999999463558197,
                0.25999999046325684,
                0.2800000011920929,
                0.30000001192092896,
                0.3199999928474426,
                0.3400000035762787,
                0.36000001430511475,
                0.3799999952316284,
                0.4000000059604645,
                0.41999998688697815,
                0.4399999976158142,
                0.46000000834465027,
                0.47999998927116394,
                0.5,
                0.5199999809265137,
                0.5400000214576721,
                0.5600000023841858,
                0.5799999833106995,
                0.6000000238418579,
                0.6200000047683716,
                0.6399999856948853,
                0.6600000262260437,
                0.6800000071525574,
                0.699999988079071,
                0.7200000286102295,
                0.7400000095367432
              ],
              "__type": "ByCharLevelFormulaCalculationPart"
            },
            "__type": "StatBySubPartCalculationPart"
          }
        ],
        "__type": "GameCalculation"
      },