{
  "Characters/Rengar/CharacterRecords/Root": {
    "mCharacterName": "Rengar",
    "baseHP": 590,
    "hpPerLevel": 104,
    "baseStaticHPRegen": 1.2,
    "hpRegenPerLevel": 0.1,
    "primaryAbilityResource": {
      "arType": 9,
      "arBase": 4,
      "arBaseStaticRegen": 0,
      "arIncrements": 1,
      "arMaxSegments": 4,
      "arHasRegenText": false,
      "__type": "AbilityResourceSlotInfo"
    },
    "baseDamage": 68,
    "damagePerLevel": 3,
    "baseArmor": 34,
    "armorPerLevel": 4.2,
    "baseSpellBlock": 32,
    "spellBlockPerLevel": 2.05,
    "baseMoveSpeed": 345,
    "attackRange": 125,
    "attackSpeed": 0.667,
    "attackSpeedRatio": 0.667,
    "attackSpeedPerLevel": 3,
    "acquisitionRange": 600,
    "searchTags": "assassin",
    "searchTagsSecondary": "fighter",
    "roles": "BRAWLER"
  },
  "Characters/Rengar/Spells/RengarEEmpAbility/RengarEEmp": {
    "mSpellTags": [
      "Trait_ImmobilizingCCSpell"
    ],
    "mCoefficient": 0.800000011920929,
    "cooldownTime": [
      0.4000000059604645,
      0.4000000059604645,
      0.4000000059604645,
      0.4000000059604645,
      0.4000000059604645,
      0.4000000059604645,
      0.4000000059604645
    ],
    "castRange": [
      25000,
      25000,
      25000,
      25000,
      25000,
      25000,
      25000
    ],
    "castRangeDisplayOverride": [
      1000,
      1000,
      1000,
      1000,
      1000,
      1000,
      1000
    ],
    "mTargetingTypeData": {
      "__type": "Location"
    }
  },
  "Characters/Rengar/Spells/RengarWAbility/RengarW": {
    "mSpellTags": [
      "SpecialCase_StasisLocked"
    ],
    "DataValues": [
      {
        "mName": "BaseDamage",
        "mValues": [
          20,
          50,
          80,
          110,
          140,
          170,
          200
        ],
        "__type": "SpellDataValue"
      },
      {
        "mName": "DamagePercentageHealed",
        "mValues": [
          50,
          50,
          50,
          50,
          50,
          50,
          50
        ],
        "__type": "SpellDataValue"
      },
      {
        "mName": "APRatio",
        "mValues": [
          0.800000011920929,
          0.800000011920929,
          0.800000011920929,
          0.800000011920929,
          0.800000011920929,
          0.800000011920929,
          0.800000011920929
        ],
        "__type": "SpellDataValue"
      },
      {
        "mName": "EmpoweredAPRatio",
        "mValues": [
          0.800000011920929,
          0.800000011920929,
          0.800000011920929,
          0.800000011920929,
          0.800000011920929,
          0.800000011920929,
          0.800000011920929
        ],
        "__type": "SpellDataValue"
      }
    ],
    "mSpellCalculations": {
      "BonusMonsterDamage": {
        "mFormulaParts": [
          {
            "mStartValue": 65,
            "mEndValue": 130,
            "__type": "ByCharLevelInterpolationCalculationPart"
          }
        ],
        "__type": "GameCalculation"
      },
      "TotalDamage": {
        "mFormulaParts": [
          {
            "mDataValue": "BaseDamage",
            "__type": "NamedDataValueCalculationPart"
          },
          {
            "mDataValue": "APRatio",
            "__type": "StatByNamedDataValueCalculationPart"
          }
        ],
        "__type": "GameCalculation"
      },
      "TotalDamageEmpowered": {
        "mFormulaParts": [
          {
            "mValues": [
              0,
              50,
              60,
              70,
              80,
              90,
              100,
              110,
              120,
              130,
              140,
              150,
              160,
              170,
              180,
              190,
              200,
              210,
              220,
              230,
              240,
              250,
              260,
              270,
              280,
              290,
              300,
              310,
              320,
              330,
              340
            ],
            "__type": "ByCharLevelFormulaCalculationPart"
          },
          {
            "mDataValue": "EmpoweredAPRatio",
            "__type": "StatByNamedDataValueCalculationPart"
          }
        ],
        "__type": "GameCalculation"
      }
    },
    "mCoefficient": 0.800000011920929,
    "cooldownTime": [
      0.25,
      0.25,
      0.25,
      0.25,
      0.25,
      0.25,
      0.25
    ],
    "castRange": [
      450,
      450,
      450,
      450,
      450,
      450,
      450
    ],
    "mTargetingTypeData": {
      "__type": "SelfAoe"
    }
  },
  "Characters/Rengar/Spells/RengarQAbility/RengarQ": {
    "mSpellTags": [
      "Trait_AttackReset"
    ],
    "DataValues": [
      {
        "mName": "BaseDamage",
        "mValues": [
          0,
          30,
          60,
          90,
          120,
          150,
          180
        ],
        "__type": "SpellDataValue"
      },
      {
        "mName": "BaseADRatio",
        "mValues": [
          -0.03750000149011612,
          0,
          0.03750000149011612,
          0.07500000298023224,
          0.11249999701976776,
          0.15000000596046448,
          0.1875
        ],
        "__type": "SpellDataValue"
      },
      {
        "mName": "CritRatio",
        "mValues": [
          100,
          100,
          100,
          100,
          100,
          100,
          100
        ],
        "__type": "SpellDataValue"
      },
      {
        "mName": "EmpoweredADRatio",
        "mValues": [
          0.30000001192092896,
          0.30000001192092896,
          0.30000001192092896,
          0.30000001192092896,
          0.30000001192092896,
          0.30000001192092896,
          0.30000001192092896
        ],
        "__type": "SpellDataValue"
      },
      {
        "mName": "CritScalingRatio",
        "mValues": [
          0.75,
          0.75,
          0.75,
          0.75,
          0.75,
          0.75,
          0.75
        ],
        "__type": "SpellDataValue"
      },
      {
        "mName": "TotalEmpoweredADRatio",
        "mValues": [
          1.2999999523162842,
          1.2999999523162842,
          1.2999999523162842,
          1.2999999523162842,
          1.2999999523162842,
          1.2999999523162842,
          1.2999999523162842
        ],
        "__type": "SpellDataValue"
      },
      {
        "mName": "TotalADRatio",
        "mValues": [
          0.9624999761581421,
          1,
          1.037500023841858,
          1.0750000476837158,
          1.1124999523162842,
          1.149999976158142,
          1.1875
        ],
        "__type": "SpellDataValue"
      },
      {
        "mName": "TowerMod",
        "mValues": [
          0.4000000059604645,
          0.4000000059604645,
          0.4000000059604645,
          0.4000000059604645,
          0.4000000059604645,
          0.4000000059604645,
          0.4000000059604645
        ],
        "__type": "SpellDataValue"
      },
      {
        "mName": "QCritDamageScalar",
        "mValues": [
          1,
          1,
          1,
          1,
          1,
          1,
          1
        ],
        "__type": "SpellDataValue"
      }
    ],
    "mSpellCalculations": {
      "EmpoweredQdamageTT": {
        "tooltipOnly": true,
        "mFormulaParts": [
          {
            "mLevel1Value": 30,
            "mInitialBonusPerLevel": 15,
            "mBreakpoints": [
              {
                "mLevel": 9,
                "mBonusPerLevelAtAndAfter": 10,
                "__type": "Breakpoint"
              }
            ],
            "__type": "ByCharLevelBreakpointsCalculationPart"
          },
          {
            "mStat": 2,
            "mDataValue": "TotalEmpoweredADRatio",
            "__type": "StatByNamedDataValueCalculationPart"
          }
        ],
        "__type": "GameCalculation"
      },